ID,Marks in %,total marks,marks obtained,subject
3,49.0,200,98,astronomy
2,31.333333333333336,300,94,physical education
1,70.58823529411765,85,60,science
0,88.88888888888889,90,80,Maths
